{
    "xs": [
        0.001,
        0.0035,
        0.006,
        0.0085,
        0.011,
        0.013500000000000002,
        0.016,
        0.018500000000000003,
        0.021,
        0.0235,
        0.026000000000000002,
        0.0285,
        0.031,
        0.0335,
        0.036000000000000004,
        0.0385,
        0.041,
        0.043500000000000004,
        0.046,
        0.0485,
        0.051000000000000004,
        0.0535,
        0.056,
        0.0585,
        0.061,
        0.0635,
        0.066,
        0.0685,
        0.07100000000000001,
        0.0735,
        0.076,
        0.0785,
        0.081,
        0.0835,
        0.08600000000000001,
        0.08850000000000001,
        0.091,
        0.0935,
        0.096,
        0.0985,
        0.101,
        0.10350000000000001,
        0.106,
        0.1085,
        0.111,
        0.1135,
        0.116,
        0.11850000000000001,
        0.121,
        0.1235,
        0.126,
        0.1285,
        0.131,
        0.1335,
        0.136,
        0.1385,
        0.14100000000000001,
        0.14350000000000002,
        0.146,
        0.1485,
        0.151,
        0.1535,
        0.156,
        0.1585,
        0.161,
        0.1635,
        0.166,
        0.1685,
        0.171,
        0.17350000000000002,
        0.17600000000000002,
        0.1785,
        0.181,
        0.1835,
        0.186,
        0.1885,
        0.191,
        0.1935,
        0.196,
        0.1985
    ],
    "non_permuted_ys": [
        0,
        0,
        0,
        0,
        0,
        0,
        0,
        0,
        0,
        0,
        0,
        0,
        0,
        0,
        0,
        0,
        0,
        0,
        0,
        0,
        0,
        0,
        0,
        0,
        0,
        0,
        0,
        0,
        0,
        0,
        0,
        0,
        0,
        0,
        0,
        0,
        0,
        0,
        0,
        0,
        1,
        1,
        5,
        8,
        14,
        33,
        65,
        63,
        91,
        111,
        151,
        126,
        116,
        73,
        66,
        36,
        23,
        9,
        2,
        5,
        0,
        1,
        0,
        0,
        0,
        0,
        0,
        0,
        0,
        0,
        0,
        0,
        0,
        0,
        0,
        0,
        0,
        0,
        0,
        0
    ],
    "permuted_ys": [
        0,
        0,
        0,
        0,
        0,
        0,
        0,
        0,
        0,
        0,
        0,
        0,
        0,
        0,
        0,
        0,
        0,
        0,
        0,
        0,
        0,
        0,
        0,
        0,
        0,
        0,
        0,
        0,
        9,
        42,
        226,
        359,
        256,
        94,
        14,
        0,
        0,
        0,
        0,
        0,
        0,
        0,
        0,
        0,
        0,
        0,
        0,
        0,
        0,
        0,
        0,
        0,
        0,
        0,
        0,
        0,
        0,
        0,
        0,
        0,
        0,
        0,
        0,
        0,
        0,
        0,
        0,
        0,
        0,
        0,
        0,
        0,
        0,
        0,
        0,
        0,
        0,
        0,
        0,
        0
    ],
    "non_permuted_ci_lower": 0.11178533532981517,
    "non_permuted_ci_upper": 0.1410014782758803,
    "permuted_ci_lower": 0.07420477824822636,
    "permuted_ci_upper": 0.08437835018584335,
    "p_value": 0.0,
    "t_stat": 187.79393436411354,
    "t_p_value": 0.0,
    "features": [
        "chef_vocation_class",
        "chef_annee_naissance",
        "enfants",
        "pensionnaires"
    ]
}