{
    "xs": [
        0.0024691358024691358,
        0.007407407407407408,
        0.012345679012345678,
        0.017283950617283952,
        0.022222222222222223,
        0.027160493827160494,
        0.03209876543209877,
        0.037037037037037035,
        0.04197530864197531,
        0.04691358024691358,
        0.05185185185185185,
        0.056790123456790124,
        0.0617283950617284,
        0.06666666666666667,
        0.07160493827160493,
        0.0765432098765432,
        0.08148148148148147,
        0.08641975308641975,
        0.09135802469135802,
        0.09629629629629628,
        0.10123456790123456,
        0.10617283950617283,
        0.1111111111111111,
        0.11604938271604938,
        0.12098765432098765,
        0.1259259259259259,
        0.1308641975308642,
        0.13580246913580246,
        0.14074074074074072,
        0.145679012345679,
        0.15061728395061727,
        0.15555555555555556,
        0.16049382716049382,
        0.16543209876543208,
        0.17037037037037037,
        0.17530864197530863,
        0.18024691358024691,
        0.18518518518518517,
        0.19012345679012344,
        0.19506172839506172,
        0.19999999999999998,
        0.20493827160493827,
        0.20987654320987653,
        0.2148148148148148,
        0.21975308641975308,
        0.22469135802469134,
        0.22962962962962963,
        0.2345679012345679,
        0.23950617283950618,
        0.24444444444444444,
        0.2493827160493827,
        0.254320987654321,
        0.2592592592592593,
        0.26419753086419756,
        0.2691358024691358,
        0.2740740740740741,
        0.27901234567901234,
        0.28395061728395066,
        0.2888888888888889,
        0.2938271604938272,
        0.29876543209876544,
        0.3037037037037037,
        0.308641975308642,
        0.3135802469135803,
        0.31851851851851853,
        0.3234567901234568,
        0.32839506172839505,
        0.33333333333333337,
        0.33827160493827163,
        0.3432098765432099,
        0.34814814814814815,
        0.3530864197530864,
        0.3580246913580247,
        0.362962962962963,
        0.36790123456790125,
        0.3728395061728395,
        0.37777777777777777,
        0.3827160493827161,
        0.38765432098765434,
        0.3925925925925926,
        0.39753086419753086
    ],
    "non_permuted_ys": [
        0,
        0,
        0,
        0,
        0,
        0,
        0,
        0,
        0,
        0,
        0,
        0,
        0,
        0,
        0,
        6,
        64,
        194,
        262,
        280,
        156,
        34,
        4,
        0,
        0,
        0,
        0,
        0,
        0,
        0,
        0,
        0,
        0,
        0,
        0,
        0,
        0,
        0,
        0,
        0,
        0,
        0,
        0,
        0,
        0,
        0,
        0,
        0,
        0,
        0,
        0,
        0,
        0,
        0,
        0,
        0,
        0,
        0,
        0,
        0,
        0,
        0,
        0,
        0,
        0,
        0,
        0,
        0,
        0,
        0,
        0,
        0,
        0,
        0,
        0,
        0,
        0,
        0,
        0,
        0,
        0
    ],
    "permuted_ys": [
        0,
        0,
        0,
        0,
        0,
        0,
        0,
        0,
        0,
        0,
        0,
        4,
        301,
        638,
        57,
        0,
        0,
        0,
        0,
        0,
        0,
        0,
        0,
        0,
        0,
        0,
        0,
        0,
        0,
        0,
        0,
        0,
        0,
        0,
        0,
        0,
        0,
        0,
        0,
        0,
        0,
        0,
        0,
        0,
        0,
        0,
        0,
        0,
        0,
        0,
        0,
        0,
        0,
        0,
        0,
        0,
        0,
        0,
        0,
        0,
        0,
        0,
        0,
        0,
        0,
        0,
        0,
        0,
        0,
        0,
        0,
        0,
        0,
        0,
        0,
        0,
        0,
        0,
        0,
        0,
        0
    ],
    "non_permuted_ci_lower": 0.08187680397138855,
    "non_permuted_ci_upper": 0.10470831942424161,
    "permuted_ci_lower": 0.060972752238373513,
    "permuted_ci_upper": 0.07016257245490132,
    "p_value": 0.0,
    "t_stat": 135.21859431803304,
    "t_p_value": 0.0,
    "features": [
        "chef_vocation_class"
    ]
}