{
        "Cathédrale": [6.63532943, 46.52260087],
        "Église Saint-François": [6.6333534, 46.5197003],
        "Palais de Rumine": [6.6331794, 46.5231302],
        "Place de la Palud": [6.6332577, 46.5217742],
        "Chauderon": [6.6274027, 46.5236858],
        "Ouchy": [6.627548, 46.507089]
}